<?xml version="1.0" encoding="UTF-8"?>
<project-private xmlns="http://www.netbeans.org/ns/project-private/1">
    <editor-bookmarks xmlns="http://www.netbeans.org/ns/editor-bookmarks/2" lastBookmarkId="0"/>
    <open-files xmlns="http://www.netbeans.org/ns/projectui-open-files/2">
        <group>
            <file>file:/C:/Users/user/OneDrive/Desktop/Documentos/NetBeansProjects/Proyecto_Prog2/src/proyecto_prog2/FrmTurno.java</file>
            <file>file:/C:/Users/user/OneDrive/Desktop/Documentos/NetBeansProjects/Proyecto_Prog2/src/proyecto_prog2/FrmPrincipal.java</file>
            <file>file:/C:/Users/user/OneDrive/Desktop/Documentos/NetBeansProjects/Proyecto_Prog2/src/proyecto_prog2/FrmPacientes.java</file>
            <file>file:/C:/Users/user/OneDrive/Desktop/Documentos/NetBeansProjects/Proyecto_Prog2/src/proyecto_prog2/FrmCuidades.java</file>
        </group>
    </open-files>
</project-private>
